county,candidate,votes,precinct,office,district,party
Alachua,Trump,52929,ALL,President of the US,,REP
Alachua,Harris,81557,ALL,President of the US,,DEM
Alachua,Oliver,619,ALL,President of the US,,LIB
Alachua,DelaCruz,292,ALL,President of the US,,PSL
Alachua,Terry,82,ALL,President of the US,,CPF
Alachua,Sonski,150,ALL,President of the US,,ASP
Alachua,Stein,886,ALL,President of the US,,GRN
Alachua,Ayyadurai,0,ALL,President of the US,,WRI
Alachua,Fox,0,ALL,President of the US,,WRI
Baker,Trump,12925,ALL,President of the US,,REP
Baker,Harris,1982,ALL,President of the US,,DEM
Baker,Oliver,36,ALL,President of the US,,LIB
Baker,DelaCruz,6,ALL,President of the US,,PSL
Baker,Terry,3,ALL,President of the US,,CPF
Baker,Sonski,9,ALL,President of the US,,ASP
Baker,Stein,15,ALL,President of the US,,GRN
Baker,Ayyadurai,0,ALL,President of the US,,WRI
Baker,Fox,0,ALL,President of the US,,WRI
Bay,Trump,71480,ALL,President of the US,,REP
Bay,Harris,25178,ALL,President of the US,,DEM
Bay,Oliver,388,ALL,President of the US,,LIB
Bay,DelaCruz,99,ALL,President of the US,,PSL
Bay,Terry,66,ALL,President of the US,,CPF
Bay,Sonski,77,ALL,President of the US,,ASP
Bay,Stein,447,ALL,President of the US,,GRN
Bay,Ayyadurai,2,ALL,President of the US,,WRI
Bay,Fox,0,ALL,President of the US,,WRI
Bradford,Trump,10920,ALL,President of the US,,REP
Bradford,Harris,2946,ALL,President of the US,,DEM
Bradford,Oliver,27,ALL,President of the US,,LIB
Bradford,DelaCruz,8,ALL,President of the US,,PSL
Bradford,Terry,10,ALL,President of the US,,CPF
Bradford,Sonski,5,ALL,President of the US,,ASP
Bradford,Stein,16,ALL,President of the US,,GRN
Bradford,Ayyadurai,0,ALL,President of the US,,WRI
Bradford,Fox,0,ALL,President of the US,,WRI
Brevard,Trump,216502,ALL,President of the US,,REP
Brevard,Harris,141166,ALL,President of the US,,DEM
Brevard,Oliver,1462,ALL,President of the US,,LIB
Brevard,DelaCruz,316,ALL,President of the US,,PSL
Brevard,Terry,228,ALL,President of the US,,CPF
Brevard,Sonski,361,ALL,President of the US,,ASP
Brevard,Stein,1316,ALL,President of the US,,GRN
Brevard,Ayyadurai,0,ALL,President of the US,,WRI
Brevard,Fox,0,ALL,President of the US,,WRI
Broward,Trump,358842,ALL,President of the US,,REP
Broward,Harris,507057,ALL,President of the US,,DEM
Broward,Oliver,1793,ALL,President of the US,,LIB
Broward,DelaCruz,1046,ALL,President of the US,,PSL
Broward,Terry,404,ALL,President of the US,,CPF
Broward,Sonski,502,ALL,President of the US,,ASP
Broward,Stein,4489,ALL,President of the US,,GRN
Broward,Ayyadurai,0,ALL,President of the US,,WRI
Broward,Fox,0,ALL,President of the US,,WRI
Calhoun,Trump,5366,ALL,President of the US,,REP
Calhoun,Harris,1019,ALL,President of the US,,DEM
Calhoun,Oliver,17,ALL,President of the US,,LIB
Calhoun,DelaCruz,5,ALL,President of the US,,PSL
Calhoun,Terry,5,ALL,President of the US,,CPF
Calhoun,Sonski,0,ALL,President of the US,,ASP
Calhoun,Stein,13,ALL,President of the US,,GRN
Calhoun,Ayyadurai,0,ALL,President of the US,,WRI
Calhoun,Fox,0,ALL,President of the US,,WRI
Charlotte,Trump,82952,ALL,President of the US,,REP
Charlotte,Harris,40427,ALL,President of the US,,DEM
Charlotte,Oliver,330,ALL,President of the US,,LIB
Charlotte,DelaCruz,57,ALL,President of the US,,PSL
Charlotte,Terry,40,ALL,President of the US,,CPF
Charlotte,Sonski,43,ALL,President of the US,,ASP
Charlotte,Stein,274,ALL,President of the US,,GRN
Charlotte,Ayyadurai,2,ALL,President of the US,,WRI
Charlotte,Fox,0,ALL,President of the US,,WRI
Citrus,Trump,71345,ALL,President of the US,,REP
Citrus,Harris,26267,ALL,President of the US,,DEM
Citrus,Oliver,240,ALL,President of the US,,LIB
Citrus,DelaCruz,66,ALL,President of the US,,PSL
Citrus,Terry,55,ALL,President of the US,,CPF
Citrus,Sonski,49,ALL,President of the US,,ASP
Citrus,Stein,190,ALL,President of the US,,GRN
Citrus,Ayyadurai,4,ALL,President of the US,,WRI
Citrus,Fox,0,ALL,President of the US,,WRI
Clay,Trump,87705,ALL,President of the US,,REP
Clay,Harris,37905,ALL,President of the US,,DEM
Clay,Oliver,483,ALL,President of the US,,LIB
Clay,DelaCruz,147,ALL,President of the US,,PSL
Clay,Terry,79,ALL,President of the US,,CPF
Clay,Sonski,86,ALL,President of the US,,ASP
Clay,Stein,374,ALL,President of the US,,GRN
Clay,Ayyadurai,4,ALL,President of the US,,WRI
Clay,Fox,1,ALL,President of the US,,WRI
Collier,Trump,143244,ALL,President of the US,,REP
Collier,Harris,71673,ALL,President of the US,,DEM
Collier,Oliver,525,ALL,President of the US,,LIB
Collier,DelaCruz,133,ALL,President of the US,,PSL
Collier,Terry,65,ALL,President of the US,,CPF
Collier,Sonski,124,ALL,President of the US,,ASP
Collier,Stein,528,ALL,President of the US,,GRN
Collier,Ayyadurai,7,ALL,President of the US,,WRI
Collier,Fox,0,ALL,President of the US,,WRI
Columbia,Trump,25104,ALL,President of the US,,REP
Columbia,Harris,8248,ALL,President of the US,,DEM
Columbia,Oliver,88,ALL,President of the US,,LIB
Columbia,DelaCruz,23,ALL,President of the US,,PSL
Columbia,Terry,19,ALL,President of the US,,CPF
Columbia,Sonski,14,ALL,President of the US,,ASP
Columbia,Stein,90,ALL,President of the US,,GRN
Columbia,Ayyadurai,0,ALL,President of the US,,WRI
Columbia,Fox,0,ALL,President of the US,,WRI
Desoto,Trump,8888,ALL,President of the US,,REP
Desoto,Harris,3525,ALL,President of the US,,DEM
Desoto,Oliver,29,ALL,President of the US,,LIB
Desoto,DelaCruz,12,ALL,President of the US,,PSL
Desoto,Terry,6,ALL,President of the US,,CPF
Desoto,Sonski,5,ALL,President of the US,,ASP
Desoto,Stein,23,ALL,President of the US,,GRN
Desoto,Ayyadurai,0,ALL,President of the US,,WRI
Desoto,Fox,0,ALL,President of the US,,WRI
Dixie,Trump,6920,ALL,President of the US,,REP
Dixie,Harris,1183,ALL,President of the US,,DEM
Dixie,Oliver,18,ALL,President of the US,,LIB
Dixie,DelaCruz,6,ALL,President of the US,,PSL
Dixie,Terry,4,ALL,President of the US,,CPF
Dixie,Sonski,1,ALL,President of the US,,ASP
Dixie,Stein,16,ALL,President of the US,,GRN
Dixie,Ayyadurai,0,ALL,President of the US,,WRI
Dixie,Fox,0,ALL,President of the US,,WRI
Duval,Trump,236244,ALL,President of the US,,REP
Duval,Harris,229249,ALL,President of the US,,DEM
Duval,Oliver,1843,ALL,President of the US,,LIB
Duval,DelaCruz,626,ALL,President of the US,,PSL
Duval,Terry,372,ALL,President of the US,,CPF
Duval,Sonski,439,ALL,President of the US,,ASP
Duval,Stein,2334,ALL,President of the US,,GRN
Duval,Ayyadurai,14,ALL,President of the US,,WRI
Duval,Fox,0,ALL,President of the US,,WRI
Escambia,Trump,96371,ALL,President of the US,,REP
Escambia,Harris,64572,ALL,President of the US,,DEM
Escambia,Oliver,647,ALL,President of the US,,LIB
Escambia,DelaCruz,240,ALL,President of the US,,PSL
Escambia,Terry,145,ALL,President of the US,,CPF
Escambia,Sonski,147,ALL,President of the US,,ASP
Escambia,Stein,566,ALL,President of the US,,GRN
Escambia,Ayyadurai,1,ALL,President of the US,,WRI
Escambia,Fox,0,ALL,President of the US,,WRI
Flagler,Trump,51009,ALL,President of the US,,REP
Flagler,Harris,28420,ALL,President of the US,,DEM
Flagler,Oliver,212,ALL,President of the US,,LIB
Flagler,DelaCruz,54,ALL,President of the US,,PSL
Flagler,Terry,20,ALL,President of the US,,CPF
Flagler,Sonski,36,ALL,President of the US,,ASP
Flagler,Stein,196,ALL,President of the US,,GRN
Flagler,Ayyadurai,5,ALL,President of the US,,WRI
Flagler,Fox,0,ALL,President of the US,,WRI
Franklin,Trump,4831,ALL,President of the US,,REP
Franklin,Harris,1870,ALL,President of the US,,DEM
Franklin,Oliver,18,ALL,President of the US,,LIB
Franklin,DelaCruz,4,ALL,President of the US,,PSL
Franklin,Terry,6,ALL,President of the US,,CPF
Franklin,Sonski,3,ALL,President of the US,,ASP
Franklin,Stein,26,ALL,President of the US,,GRN
Franklin,Ayyadurai,0,ALL,President of the US,,WRI
Franklin,Fox,0,ALL,President of the US,,WRI
Gadsden,Trump,7493,ALL,President of the US,,REP
Gadsden,Harris,14202,ALL,President of the US,,DEM
Gadsden,Oliver,48,ALL,President of the US,,LIB
Gadsden,DelaCruz,28,ALL,President of the US,,PSL
Gadsden,Terry,30,ALL,President of the US,,CPF
Gadsden,Sonski,12,ALL,President of the US,,ASP
Gadsden,Stein,52,ALL,President of the US,,GRN
Gadsden,Ayyadurai,0,ALL,President of the US,,WRI
Gadsden,Fox,0,ALL,President of the US,,WRI
Gilchrist,Trump,8930,ALL,President of the US,,REP
Gilchrist,Harris,1661,ALL,President of the US,,DEM
Gilchrist,Oliver,33,ALL,President of the US,,LIB
Gilchrist,DelaCruz,9,ALL,President of the US,,PSL
Gilchrist,Terry,10,ALL,President of the US,,CPF
Gilchrist,Sonski,10,ALL,President of the US,,ASP
Gilchrist,Stein,31,ALL,President of the US,,GRN
Gilchrist,Ayyadurai,0,ALL,President of the US,,WRI
Gilchrist,Fox,0,ALL,President of the US,,WRI
Glades,Trump,4033,ALL,President of the US,,REP
Glades,Harris,1221,ALL,President of the US,,DEM
Glades,Oliver,9,ALL,President of the US,,LIB
Glades,DelaCruz,3,ALL,President of the US,,PSL
Glades,Terry,3,ALL,President of the US,,CPF
Glades,Sonski,1,ALL,President of the US,,ASP
Glades,Stein,7,ALL,President of the US,,GRN
Glades,Ayyadurai,0,ALL,President of the US,,WRI
Glades,Fox,0,ALL,President of the US,,WRI
Gulf,Trump,6684,ALL,President of the US,,REP
Gulf,Harris,1970,ALL,President of the US,,DEM
Gulf,Oliver,19,ALL,President of the US,,LIB
Gulf,DelaCruz,5,ALL,President of the US,,PSL
Gulf,Terry,7,ALL,President of the US,,CPF
Gulf,Sonski,2,ALL,President of the US,,ASP
Gulf,Stein,10,ALL,President of the US,,GRN
Gulf,Ayyadurai,0,ALL,President of the US,,WRI
Gulf,Fox,0,ALL,President of the US,,WRI
Hamilton,Trump,3964,ALL,President of the US,,REP
Hamilton,Harris,1726,ALL,President of the US,,DEM
Hamilton,Oliver,14,ALL,President of the US,,LIB
Hamilton,DelaCruz,9,ALL,President of the US,,PSL
Hamilton,Terry,8,ALL,President of the US,,CPF
Hamilton,Sonski,3,ALL,President of the US,,ASP
Hamilton,Stein,8,ALL,President of the US,,GRN
Hamilton,Ayyadurai,0,ALL,President of the US,,WRI
Hamilton,Fox,0,ALL,President of the US,,WRI
Hardee,Trump,6336,ALL,President of the US,,REP
Hardee,Harris,1751,ALL,President of the US,,DEM
Hardee,Oliver,13,ALL,President of the US,,LIB
Hardee,DelaCruz,9,ALL,President of the US,,PSL
Hardee,Terry,9,ALL,President of the US,,CPF
Hardee,Sonski,8,ALL,President of the US,,ASP
Hardee,Stein,17,ALL,President of the US,,GRN
Hardee,Ayyadurai,0,ALL,President of the US,,WRI
Hardee,Fox,0,ALL,President of the US,,WRI
Hendry,Trump,9252,ALL,President of the US,,REP
Hendry,Harris,4095,ALL,President of the US,,DEM
Hendry,Oliver,38,ALL,President of the US,,LIB
Hendry,DelaCruz,23,ALL,President of the US,,PSL
Hendry,Terry,12,ALL,President of the US,,CPF
Hendry,Sonski,3,ALL,President of the US,,ASP
Hendry,Stein,35,ALL,President of the US,,GRN
Hendry,Ayyadurai,0,ALL,President of the US,,WRI
Hendry,Fox,0,ALL,President of the US,,WRI
Hernando,Trump,75435,ALL,President of the US,,REP
Hernando,Harris,34418,ALL,President of the US,,DEM
Hernando,Oliver,278,ALL,President of the US,,LIB
Hernando,DelaCruz,101,ALL,President of the US,,PSL
Hernando,Terry,72,ALL,President of the US,,CPF
Hernando,Sonski,59,ALL,President of the US,,ASP
Hernando,Stein,300,ALL,President of the US,,GRN
Hernando,Ayyadurai,4,ALL,President of the US,,WRI
Hernando,Fox,0,ALL,President of the US,,WRI
Highlands,Trump,36382,ALL,President of the US,,REP
Highlands,Harris,15223,ALL,President of the US,,DEM
Highlands,Oliver,101,ALL,President of the US,,LIB
Highlands,DelaCruz,57,ALL,President of the US,,PSL
Highlands,Terry,37,ALL,President of the US,,CPF
Highlands,Sonski,28,ALL,President of the US,,ASP
Highlands,Stein,73,ALL,President of the US,,GRN
Highlands,Ayyadurai,0,ALL,President of the US,,WRI
Highlands,Fox,0,ALL,President of the US,,WRI
Hillsborough,Trump,341963,ALL,President of the US,,REP
Hillsborough,Harris,321348,ALL,President of the US,,DEM
Hillsborough,Oliver,2365,ALL,President of the US,,LIB
Hillsborough,DelaCruz,1049,ALL,President of the US,,PSL
Hillsborough,Terry,403,ALL,President of the US,,CPF
Hillsborough,Sonski,530,ALL,President of the US,,ASP
Hillsborough,Stein,4157,ALL,President of the US,,GRN
Hillsborough,Ayyadurai,11,ALL,President of the US,,WRI
Hillsborough,Fox,1,ALL,President of the US,,WRI
Holmes,Trump,8193,ALL,President of the US,,REP
Holmes,Harris,882,ALL,President of the US,,DEM
Holmes,Oliver,19,ALL,President of the US,,LIB
Holmes,DelaCruz,6,ALL,President of the US,,PSL
Holmes,Terry,1,ALL,President of the US,,CPF
Holmes,Sonski,4,ALL,President of the US,,ASP
Holmes,Stein,11,ALL,President of the US,,GRN
Holmes,Ayyadurai,0,ALL,President of the US,,WRI
Holmes,Fox,0,ALL,President of the US,,WRI
Indian River,Trump,62734,ALL,President of the US,,REP
Indian River,Harris,35644,ALL,President of the US,,DEM
Indian River,Oliver,223,ALL,President of the US,,LIB
Indian River,DelaCruz,59,ALL,President of the US,,PSL
Indian River,Terry,45,ALL,President of the US,,CPF
Indian River,Sonski,51,ALL,President of the US,,ASP
Indian River,Stein,245,ALL,President of the US,,GRN
Indian River,Ayyadurai,2,ALL,President of the US,,WRI
Indian River,Fox,0,ALL,President of the US,,WRI
Jackson,Trump,16074,ALL,President of the US,,REP
Jackson,Harris,5892,ALL,President of the US,,DEM
Jackson,Oliver,54,ALL,President of the US,,LIB
Jackson,DelaCruz,19,ALL,President of the US,,PSL
Jackson,Terry,16,ALL,President of the US,,CPF
Jackson,Sonski,16,ALL,President of the US,,ASP
Jackson,Stein,27,ALL,President of the US,,GRN
Jackson,Ayyadurai,0,ALL,President of the US,,WRI
Jackson,Fox,0,ALL,President of the US,,WRI
Jefferson,Trump,5010,ALL,President of the US,,REP
Jefferson,Harris,3428,ALL,President of the US,,DEM
Jefferson,Oliver,34,ALL,President of the US,,LIB
Jefferson,DelaCruz,2,ALL,President of the US,,PSL
Jefferson,Terry,10,ALL,President of the US,,CPF
Jefferson,Sonski,1,ALL,President of the US,,ASP
Jefferson,Stein,15,ALL,President of the US,,GRN
Jefferson,Ayyadurai,0,ALL,President of the US,,WRI
Jefferson,Fox,0,ALL,President of the US,,WRI
Lafayette,Trump,3296,ALL,President of the US,,REP
Lafayette,Harris,441,ALL,President of the US,,DEM
Lafayette,Oliver,6,ALL,President of the US,,LIB
Lafayette,DelaCruz,2,ALL,President of the US,,PSL
Lafayette,Terry,5,ALL,President of the US,,CPF
Lafayette,Sonski,0,ALL,President of the US,,ASP
Lafayette,Stein,6,ALL,President of the US,,GRN
Lafayette,Ayyadurai,0,ALL,President of the US,,WRI
Lafayette,Fox,0,ALL,President of the US,,WRI
Lake,Trump,140470,ALL,President of the US,,REP
Lake,Harris,84498,ALL,President of the US,,DEM
Lake,Oliver,605,ALL,President of the US,,LIB
Lake,DelaCruz,228,ALL,President of the US,,PSL
Lake,Terry,132,ALL,President of the US,,CPF
Lake,Sonski,144,ALL,President of the US,,ASP
Lake,Stein,621,ALL,President of the US,,GRN
Lake,Ayyadurai,6,ALL,President of the US,,WRI
Lake,Fox,1,ALL,President of the US,,WRI
Lee,Trump,250648,ALL,President of the US,,REP
Lee,Harris,139169,ALL,President of the US,,DEM
Lee,Oliver,970,ALL,President of the US,,LIB
Lee,DelaCruz,308,ALL,President of the US,,PSL
Lee,Terry,183,ALL,President of the US,,CPF
Lee,Sonski,240,ALL,President of the US,,ASP
Lee,Stein,917,ALL,President of the US,,GRN
Lee,Ayyadurai,13,ALL,President of the US,,WRI
Lee,Fox,0,ALL,President of the US,,WRI
Leon,Trump,60388,ALL,President of the US,,REP
Leon,Harris,94474,ALL,President of the US,,DEM
Leon,Oliver,560,ALL,President of the US,,LIB
Leon,DelaCruz,250,ALL,President of the US,,PSL
Leon,Terry,116,ALL,President of the US,,CPF
Leon,Sonski,213,ALL,President of the US,,ASP
Leon,Stein,739,ALL,President of the US,,GRN
Leon,Ayyadurai,2,ALL,President of the US,,WRI
Leon,Fox,0,ALL,President of the US,,WRI
Levy,Trump,18245,ALL,President of the US,,REP
Levy,Harris,5994,ALL,President of the US,,DEM
Levy,Oliver,54,ALL,President of the US,,LIB
Levy,DelaCruz,20,ALL,President of the US,,PSL
Levy,Terry,10,ALL,President of the US,,CPF
Levy,Sonski,15,ALL,President of the US,,ASP
Levy,Stein,39,ALL,President of the US,,GRN
Levy,Ayyadurai,1,ALL,President of the US,,WRI
Levy,Fox,0,ALL,President of the US,,WRI
Liberty,Trump,2898,ALL,President of the US,,REP
Liberty,Harris,563,ALL,President of the US,,DEM
Liberty,Oliver,11,ALL,President of the US,,LIB
Liberty,DelaCruz,0,ALL,President of the US,,PSL
Liberty,Terry,10,ALL,President of the US,,CPF
Liberty,Sonski,1,ALL,President of the US,,ASP
Liberty,Stein,4,ALL,President of the US,,GRN
Liberty,Ayyadurai,0,ALL,President of the US,,WRI
Liberty,Fox,0,ALL,President of the US,,WRI
Madison,Trump,5872,ALL,President of the US,,REP
Madison,Harris,3231,ALL,President of the US,,DEM
Madison,Oliver,18,ALL,President of the US,,LIB
Madison,DelaCruz,8,ALL,President of the US,,PSL
Madison,Terry,9,ALL,President of the US,,CPF
Madison,Sonski,8,ALL,President of the US,,ASP
Madison,Stein,8,ALL,President of the US,,GRN
Madison,Ayyadurai,0,ALL,President of the US,,WRI
Madison,Fox,0,ALL,President of the US,,WRI
Manatee,Trump,140457,ALL,President of the US,,REP
Manatee,Harris,86624,ALL,President of the US,,DEM
Manatee,Oliver,659,ALL,President of the US,,LIB
Manatee,DelaCruz,168,ALL,President of the US,,PSL
Manatee,Terry,120,ALL,President of the US,,CPF
Manatee,Sonski,125,ALL,President of the US,,ASP
Manatee,Stein,621,ALL,President of the US,,GRN
Manatee,Ayyadurai,4,ALL,President of the US,,WRI
Manatee,Fox,0,ALL,President of the US,,WRI
Marion,Trump,140168,ALL,President of the US,,REP
Marion,Harris,72424,ALL,President of the US,,DEM
Marion,Oliver,547,ALL,President of the US,,LIB
Marion,DelaCruz,206,ALL,President of the US,,PSL
Marion,Terry,115,ALL,President of the US,,CPF
Marion,Sonski,142,ALL,President of the US,,ASP
Marion,Stein,482,ALL,President of the US,,GRN
Marion,Ayyadurai,5,ALL,President of the US,,WRI
Marion,Fox,0,ALL,President of the US,,WRI
Martin,Trump,64119,ALL,President of the US,,REP
Martin,Harris,33525,ALL,President of the US,,DEM
Martin,Oliver,231,ALL,President of the US,,LIB
Martin,DelaCruz,54,ALL,President of the US,,PSL
Martin,Terry,32,ALL,President of the US,,CPF
Martin,Sonski,45,ALL,President of the US,,ASP
Martin,Stein,269,ALL,President of the US,,GRN
Martin,Ayyadurai,0,ALL,President of the US,,WRI
Martin,Fox,0,ALL,President of the US,,WRI
Miami-Dade,Trump,605497,ALL,President of the US,,REP
Miami-Dade,Harris,480156,ALL,President of the US,,DEM
Miami-Dade,Oliver,2096,ALL,President of the US,,LIB
Miami-Dade,DelaCruz,1308,ALL,President of the US,,PSL
Miami-Dade,Terry,476,ALL,President of the US,,CPF
Miami-Dade,Sonski,455,ALL,President of the US,,ASP
Miami-Dade,Stein,3811,ALL,President of the US,,GRN
Miami-Dade,Ayyadurai,12,ALL,President of the US,,WRI
Miami-Dade,Fox,0,ALL,President of the US,,WRI
Monroe,Trump,26063,ALL,President of the US,,REP
Monroe,Harris,17923,ALL,President of the US,,DEM
Monroe,Oliver,133,ALL,President of the US,,LIB
Monroe,DelaCruz,22,ALL,President of the US,,PSL
Monroe,Terry,11,ALL,President of the US,,CPF
Monroe,Sonski,11,ALL,President of the US,,ASP
Monroe,Stein,152,ALL,President of the US,,GRN
Monroe,Ayyadurai,1,ALL,President of the US,,WRI
Monroe,Fox,0,ALL,President of the US,,WRI
Nassau,Trump,47937,ALL,President of the US,,REP
Nassau,Harris,17137,ALL,President of the US,,DEM
Nassau,Oliver,258,ALL,President of the US,,LIB
Nassau,DelaCruz,49,ALL,President of the US,,PSL
Nassau,Terry,32,ALL,President of the US,,CPF
Nassau,Sonski,47,ALL,President of the US,,ASP
Nassau,Stein,146,ALL,President of the US,,GRN
Nassau,Ayyadurai,4,ALL,President of the US,,WRI
Nassau,Fox,0,ALL,President of the US,,WRI
Okaloosa,Trump,80284,ALL,President of the US,,REP
Okaloosa,Harris,32030,ALL,President of the US,,DEM
Okaloosa,Oliver,593,ALL,President of the US,,LIB
Okaloosa,DelaCruz,119,ALL,President of the US,,PSL
Okaloosa,Terry,92,ALL,President of the US,,CPF
Okaloosa,Sonski,131,ALL,President of the US,,ASP
Okaloosa,Stein,311,ALL,President of the US,,GRN
Okaloosa,Ayyadurai,2,ALL,President of the US,,WRI
Okaloosa,Fox,0,ALL,President of the US,,WRI
Okeechobee,Trump,12314,ALL,President of the US,,REP
Okeechobee,Harris,3669,ALL,President of the US,,DEM
Okeechobee,Oliver,25,ALL,President of the US,,LIB
Okeechobee,DelaCruz,10,ALL,President of the US,,PSL
Okeechobee,Terry,4,ALL,President of the US,,CPF
Okeechobee,Sonski,5,ALL,President of the US,,ASP
Okeechobee,Stein,28,ALL,President of the US,,GRN
Okeechobee,Ayyadurai,0,ALL,President of the US,,WRI
Okeechobee,Fox,0,ALL,President of the US,,WRI
Orange,Trump,258254,ALL,President of the US,,REP
Orange,Harris,340726,ALL,President of the US,,DEM
Orange,Oliver,2056,ALL,President of the US,,LIB
Orange,DelaCruz,918,ALL,President of the US,,PSL
Orange,Terry,344,ALL,President of the US,,CPF
Orange,Sonski,605,ALL,President of the US,,ASP
Orange,Stein,4181,ALL,President of the US,,GRN
Orange,Ayyadurai,7,ALL,President of the US,,WRI
Orange,Fox,1,ALL,President of the US,,WRI
Osceola,Trump,86684,ALL,President of the US,,REP
Osceola,Harris,84161,ALL,President of the US,,DEM
Osceola,Oliver,475,ALL,President of the US,,LIB
Osceola,DelaCruz,294,ALL,President of the US,,PSL
Osceola,Terry,110,ALL,President of the US,,CPF
Osceola,Sonski,133,ALL,President of the US,,ASP
Osceola,Stein,844,ALL,President of the US,,GRN
Osceola,Ayyadurai,3,ALL,President of the US,,WRI
Osceola,Fox,1,ALL,President of the US,,WRI
Palm Beach,Trump,366686,ALL,President of the US,,REP
Palm Beach,Harris,372230,ALL,President of the US,,DEM
Palm Beach,Oliver,1649,ALL,President of the US,,LIB
Palm Beach,DelaCruz,797,ALL,President of the US,,PSL
Palm Beach,Terry,330,ALL,President of the US,,CPF
Palm Beach,Sonski,446,ALL,President of the US,,ASP
Palm Beach,Stein,3120,ALL,President of the US,,GRN
Palm Beach,Ayyadurai,12,ALL,President of the US,,WRI
Palm Beach,Fox,0,ALL,President of the US,,WRI
Pasco,Trump,197767,ALL,President of the US,,REP
Pasco,Harris,117424,ALL,President of the US,,DEM
Pasco,Oliver,1014,ALL,President of the US,,LIB
Pasco,DelaCruz,415,ALL,President of the US,,PSL
Pasco,Terry,173,ALL,President of the US,,CPF
Pasco,Sonski,241,ALL,President of the US,,ASP
Pasco,Stein,1389,ALL,President of the US,,GRN
Pasco,Ayyadurai,8,ALL,President of the US,,WRI
Pasco,Fox,0,ALL,President of the US,,WRI
Pinellas,Trump,269447,ALL,President of the US,,REP
Pinellas,Harris,242385,ALL,President of the US,,DEM
Pinellas,Oliver,1876,ALL,President of the US,,LIB
Pinellas,DelaCruz,493,ALL,President of the US,,PSL
Pinellas,Terry,232,ALL,President of the US,,CPF
Pinellas,Sonski,340,ALL,President of the US,,ASP
Pinellas,Stein,2192,ALL,President of the US,,GRN
Pinellas,Ayyadurai,16,ALL,President of the US,,WRI
Pinellas,Fox,0,ALL,President of the US,,WRI
Polk,Trump,209030,ALL,President of the US,,REP
Polk,Harris,136848,ALL,President of the US,,DEM
Polk,Oliver,1017,ALL,President of the US,,LIB
Polk,DelaCruz,450,ALL,President of the US,,PSL
Polk,Terry,252,ALL,President of the US,,CPF
Polk,Sonski,251,ALL,President of the US,,ASP
Polk,Stein,1026,ALL,President of the US,,GRN
Polk,Ayyadurai,9,ALL,President of the US,,WRI
Polk,Fox,0,ALL,President of the US,,WRI
Putnam,Trump,26699,ALL,President of the US,,REP
Putnam,Harris,9349,ALL,President of the US,,DEM
Putnam,Oliver,86,ALL,President of the US,,LIB
Putnam,DelaCruz,33,ALL,President of the US,,PSL
Putnam,Terry,27,ALL,President of the US,,CPF
Putnam,Sonski,10,ALL,President of the US,,ASP
Putnam,Stein,62,ALL,President of the US,,GRN
Putnam,Ayyadurai,0,ALL,President of the US,,WRI
Putnam,Fox,0,ALL,President of the US,,WRI
Santa Rosa,Trump,84286,ALL,President of the US,,REP
Santa Rosa,Harris,27004,ALL,President of the US,,DEM
Santa Rosa,Oliver,535,ALL,President of the US,,LIB
Santa Rosa,DelaCruz,86,ALL,President of the US,,PSL
Santa Rosa,Terry,63,ALL,President of the US,,CPF
Santa Rosa,Sonski,92,ALL,President of the US,,ASP
Santa Rosa,Stein,298,ALL,President of the US,,GRN
Santa Rosa,Ayyadurai,1,ALL,President of the US,,WRI
Santa Rosa,Fox,0,ALL,President of the US,,WRI
Sarasota,Trump,163188,ALL,President of the US,,REP
Sarasota,Harris,112593,ALL,President of the US,,DEM
Sarasota,Oliver,808,ALL,President of the US,,LIB
Sarasota,DelaCruz,169,ALL,President of the US,,PSL
Sarasota,Terry,106,ALL,President of the US,,CPF
Sarasota,Sonski,135,ALL,President of the US,,ASP
Sarasota,Stein,749,ALL,President of the US,,GRN
Sarasota,Ayyadurai,8,ALL,President of the US,,WRI
Sarasota,Fox,1,ALL,President of the US,,WRI
Seminole,Trump,129704,ALL,President of the US,,REP
Seminole,Harris,120647,ALL,President of the US,,DEM
Seminole,Oliver,910,ALL,President of the US,,LIB
Seminole,DelaCruz,294,ALL,President of the US,,PSL
Seminole,Terry,125,ALL,President of the US,,CPF
Seminole,Sonski,273,ALL,President of the US,,ASP
Seminole,Stein,1663,ALL,President of the US,,GRN
Seminole,Ayyadurai,0,ALL,President of the US,,WRI
Seminole,Fox,0,ALL,President of the US,,WRI
St. Johns,Trump,128728,ALL,President of the US,,REP
St. Johns,Harris,66828,ALL,President of the US,,DEM
St. Johns,Oliver,748,ALL,President of the US,,LIB
St. Johns,DelaCruz,148,ALL,President of the US,,PSL
St. Johns,Terry,76,ALL,President of the US,,CPF
St. Johns,Sonski,143,ALL,President of the US,,ASP
St. Johns,Stein,713,ALL,President of the US,,GRN
St. Johns,Ayyadurai,5,ALL,President of the US,,WRI
St. Johns,Fox,0,ALL,President of the US,,WRI
St. Lucie,Trump,100276,ALL,President of the US,,REP
St. Lucie,Harris,83483,ALL,President of the US,,DEM
St. Lucie,Oliver,378,ALL,President of the US,,LIB
St. Lucie,DelaCruz,233,ALL,President of the US,,PSL
St. Lucie,Terry,88,ALL,President of the US,,CPF
St. Lucie,Sonski,93,ALL,President of the US,,ASP
St. Lucie,Stein,529,ALL,President of the US,,GRN
St. Lucie,Ayyadurai,0,ALL,President of the US,,WRI
St. Lucie,Fox,0,ALL,President of the US,,WRI
Sumter,Trump,72130,ALL,President of the US,,REP
Sumter,Harris,32540,ALL,President of the US,,DEM
Sumter,Oliver,249,ALL,President of the US,,LIB
Sumter,DelaCruz,37,ALL,President of the US,,PSL
Sumter,Terry,54,ALL,President of the US,,CPF
Sumter,Sonski,37,ALL,President of the US,,ASP
Sumter,Stein,153,ALL,President of the US,,GRN
Sumter,Ayyadurai,1,ALL,President of the US,,WRI
Sumter,Fox,0,ALL,President of the US,,WRI
Suwannee,Trump,17561,ALL,President of the US,,REP
Suwannee,Harris,4217,ALL,President of the US,,DEM
Suwannee,Oliver,38,ALL,President of the US,,LIB
Suwannee,DelaCruz,9,ALL,President of the US,,PSL
Suwannee,Terry,12,ALL,President of the US,,CPF
Suwannee,Sonski,7,ALL,President of the US,,ASP
Suwannee,Stein,47,ALL,President of the US,,GRN
Suwannee,Ayyadurai,0,ALL,President of the US,,WRI
Suwannee,Fox,0,ALL,President of the US,,WRI
Taylor,Trump,7953,ALL,President of the US,,REP
Taylor,Harris,1990,ALL,President of the US,,DEM
Taylor,Oliver,18,ALL,President of the US,,LIB
Taylor,DelaCruz,8,ALL,President of the US,,PSL
Taylor,Terry,6,ALL,President of the US,,CPF
Taylor,Sonski,2,ALL,President of the US,,ASP
Taylor,Stein,18,ALL,President of the US,,GRN
Taylor,Ayyadurai,0,ALL,President of the US,,WRI
Taylor,Fox,0,ALL,President of the US,,WRI
Union,Trump,5224,ALL,President of the US,,REP
Union,Harris,971,ALL,President of the US,,DEM
Union,Oliver,14,ALL,President of the US,,LIB
Union,DelaCruz,3,ALL,President of the US,,PSL
Union,Terry,7,ALL,President of the US,,CPF
Union,Sonski,5,ALL,President of the US,,ASP
Union,Stein,7,ALL,President of the US,,GRN
Union,Ayyadurai,0,ALL,President of the US,,WRI
Union,Fox,0,ALL,President of the US,,WRI
Volusia,Trump,187655,ALL,President of the US,,REP
Volusia,Harris,120072,ALL,President of the US,,DEM
Volusia,Oliver,1012,ALL,President of the US,,LIB
Volusia,DelaCruz,258,ALL,President of the US,,PSL
Volusia,Terry,162,ALL,President of the US,,CPF
Volusia,Sonski,222,ALL,President of the US,,ASP
Volusia,Stein,1017,ALL,President of the US,,GRN
Volusia,Ayyadurai,0,ALL,President of the US,,WRI
Volusia,Fox,0,ALL,President of the US,,WRI
Wakulla,Trump,14246,ALL,President of the US,,REP
Wakulla,Harris,5440,ALL,President of the US,,DEM
Wakulla,Oliver,75,ALL,President of the US,,LIB
Wakulla,DelaCruz,13,ALL,President of the US,,PSL
Wakulla,Terry,15,ALL,President of the US,,CPF
Wakulla,Sonski,17,ALL,President of the US,,ASP
Wakulla,Stein,49,ALL,President of the US,,GRN
Wakulla,Ayyadurai,0,ALL,President of the US,,WRI
Wakulla,Fox,0,ALL,President of the US,,WRI
Walton,Trump,38960,ALL,President of the US,,REP
Walton,Harris,10285,ALL,President of the US,,DEM
Walton,Oliver,180,ALL,President of the US,,LIB
Walton,DelaCruz,19,ALL,President of the US,,PSL
Walton,Terry,22,ALL,President of the US,,CPF
Walton,Sonski,26,ALL,President of the US,,ASP
Walton,Stein,97,ALL,President of the US,,GRN
Walton,Ayyadurai,0,ALL,President of the US,,WRI
Walton,Fox,0,ALL,President of the US,,WRI
Washington,Trump,10370,ALL,President of the US,,REP
Washington,Harris,2140,ALL,President of the US,,DEM
Washington,Oliver,30,ALL,President of the US,,LIB
Washington,DelaCruz,12,ALL,President of the US,,PSL
Washington,Terry,8,ALL,President of the US,,CPF
Washington,Sonski,2,ALL,President of the US,,ASP
Washington,Stein,22,ALL,President of the US,,GRN
Washington,Ayyadurai,0,ALL,President of the US,,WRI
Washington,Fox,0,ALL,President of the US,,WRI
