Election Name,county,precinct,office,district,Party Name,party,candidate,votes,Yes Votes,No Votes,Election Day Votes,ElectionDay Yes Votes,Election Day No Votes,Mail Votes,Mail Yes Votes,Mail No Votes,Provisional Votes,Provisional Yes Votes,Provisional No Votes
2024 Presidential Election,ADAMS,ALL,President of the United States,Statewide,Democratic,DEM,KAMALA D HARRIS,"19,623",0,0,"10,843",0,0,"8,780",0,0,0,0,0
2024 Presidential Election,ADAMS,ALL,President of the United States,Statewide,Republican,REP,DONALD J TRUMP,"40,021",0,0,"30,642",0,0,"9,379",0,0,0,0,0
2024 Presidential Election,ADAMS,ALL,President of the United States,Statewide,Libertarian,LIB,CHASE OLIVER,339,0,0,238,0,0,101,0,0,0,0,0
2024 Presidential Election,ADAMS,ALL,President of the United States,Statewide,Green Party,GRN,JILL STEIN,215,0,0,140,0,0,75,0,0,0,0,0
2024 Presidential Election,ALLEGHENY,ALL,President of the United States,Statewide,Democratic,DEM,KAMALA D HARRIS,"419,051",0,0,"257,005",0,0,"162,046",0,0,0,0,0
2024 Presidential Election,ALLEGHENY,ALL,President of the United States,Statewide,Republican,REP,DONALD J TRUMP,"279,292",0,0,"220,187",0,0,"59,105",0,0,0,0,0
2024 Presidential Election,ALLEGHENY,ALL,President of the United States,Statewide,Libertarian,LIB,CHASE OLIVER,"3,231",0,0,"2,393",0,0,838,0,0,0,0,0
2024 Presidential Election,ALLEGHENY,ALL,President of the United States,Statewide,Green Party,GRN,JILL STEIN,"3,567",0,0,"2,488",0,0,"1,079",0,0,0,0,0
2024 Presidential Election,ARMSTRONG,ALL,President of the United States,Statewide,Democratic,DEM,KAMALA D HARRIS,"8,480",0,0,"5,437",0,0,"3,043",0,0,0,0,0
2024 Presidential Election,ARMSTRONG,ALL,President of the United States,Statewide,Republican,REP,DONALD J TRUMP,"28,141",0,0,"24,026",0,0,"4,115",0,0,0,0,0
2024 Presidential Election,ARMSTRONG,ALL,President of the United States,Statewide,Libertarian,LIB,CHASE OLIVER,181,0,0,156,0,0,25,0,0,0,0,0
2024 Presidential Election,ARMSTRONG,ALL,President of the United States,Statewide,Green Party,GRN,JILL STEIN,87,0,0,60,0,0,27,0,0,0,0,0
2024 Presidential Election,BEAVER,ALL,President of the United States,Statewide,Democratic,DEM,KAMALA D HARRIS,"36,795",0,0,"23,553",0,0,"13,242",0,0,0,0,0
2024 Presidential Election,BEAVER,ALL,President of the United States,Statewide,Republican,REP,DONALD J TRUMP,"56,502",0,0,"46,766",0,0,"9,736",0,0,0,0,0
2024 Presidential Election,BEAVER,ALL,President of the United States,Statewide,Libertarian,LIB,CHASE OLIVER,499,0,0,388,0,0,111,0,0,0,0,0
2024 Presidential Election,BEAVER,ALL,President of the United States,Statewide,Green Party,GRN,JILL STEIN,306,0,0,242,0,0,64,0,0,0,0,0
2024 Presidential Election,BEDFORD,ALL,President of the United States,Statewide,Democratic,DEM,KAMALA D HARRIS,"4,316",0,0,"2,428",0,0,"1,888",0,0,0,0,0
2024 Presidential Election,BEDFORD,ALL,President of the United States,Statewide,Republican,REP,DONALD J TRUMP,"23,545",0,0,"19,600",0,0,"3,945",0,0,0,0,0
2024 Presidential Election,BEDFORD,ALL,President of the United States,Statewide,Libertarian,LIB,CHASE OLIVER,99,0,0,72,0,0,27,0,0,0,0,0
2024 Presidential Election,BEDFORD,ALL,President of the United States,Statewide,Green Party,GRN,JILL STEIN,66,0,0,44,0,0,22,0,0,0,0,0
2024 Presidential Election,BERKS,ALL,President of the United States,Statewide,Democratic,DEM,KAMALA D HARRIS,"89,764",0,0,"60,162",0,0,"29,602",0,0,0,0,0
2024 Presidential Election,BERKS,ALL,President of the United States,Statewide,Republican,REP,DONALD J TRUMP,"115,676",0,0,"97,251",0,0,"18,425",0,0,0,0,0
2024 Presidential Election,BERKS,ALL,President of the United States,Statewide,Libertarian,LIB,CHASE OLIVER,"1,083",0,0,871,0,0,212,0,0,0,0,0
2024 Presidential Election,BERKS,ALL,President of the United States,Statewide,Green Party,GRN,JILL STEIN,928,0,0,701,0,0,227,0,0,0,0,0
2024 Presidential Election,BLAIR,ALL,President of the United States,Statewide,Democratic,DEM,KAMALA D HARRIS,"17,852",0,0,"10,888",0,0,"6,964",0,0,0,0,0
2024 Presidential Election,BLAIR,ALL,President of the United States,Statewide,Republican,REP,DONALD J TRUMP,"45,901",0,0,"36,580",0,0,"9,321",0,0,0,0,0
2024 Presidential Election,BLAIR,ALL,President of the United States,Statewide,Libertarian,LIB,CHASE OLIVER,270,0,0,213,0,0,57,0,0,0,0,0
2024 Presidential Election,BLAIR,ALL,President of the United States,Statewide,Green Party,GRN,JILL STEIN,194,0,0,133,0,0,61,0,0,0,0,0
2024 Presidential Election,BRADFORD,ALL,President of the United States,Statewide,Democratic,DEM,KAMALA D HARRIS,"7,816",0,0,"5,123",0,0,"2,693",0,0,0,0,0
2024 Presidential Election,BRADFORD,ALL,President of the United States,Statewide,Republican,REP,DONALD J TRUMP,"22,658",0,0,"19,484",0,0,"3,174",0,0,0,0,0
2024 Presidential Election,BRADFORD,ALL,President of the United States,Statewide,Libertarian,LIB,CHASE OLIVER,176,0,0,148,0,0,28,0,0,0,0,0
2024 Presidential Election,BRADFORD,ALL,President of the United States,Statewide,Green Party,GRN,JILL STEIN,82,0,0,59,0,0,23,0,0,0,0,0
2024 Presidential Election,BUCKS,ALL,President of the United States,Statewide,Democratic,DEM,KAMALA D HARRIS,"194,635",0,0,"107,884",0,0,"86,751",0,0,0,0,0
2024 Presidential Election,BUCKS,ALL,President of the United States,Statewide,Republican,REP,DONALD J TRUMP,"195,147",0,0,"148,916",0,0,"46,231",0,0,0,0,0
2024 Presidential Election,BUCKS,ALL,President of the United States,Statewide,Libertarian,LIB,CHASE OLIVER,"1,890",0,0,"1,329",0,0,561,0,0,0,0,0
2024 Presidential Election,BUCKS,ALL,President of the United States,Statewide,Green Party,GRN,JILL STEIN,"1,917",0,0,"1,318",0,0,599,0,0,0,0,0
2024 Presidential Election,BUTLER,ALL,President of the United States,Statewide,Democratic,DEM,KAMALA D HARRIS,"40,046",0,0,"24,251",0,0,"15,795",0,0,0,0,0
2024 Presidential Election,BUTLER,ALL,President of the United States,Statewide,Republican,REP,DONALD J TRUMP,"79,147",0,0,"64,294",0,0,"14,853",0,0,0,0,0
2024 Presidential Election,BUTLER,ALL,President of the United States,Statewide,Libertarian,LIB,CHASE OLIVER,659,0,0,512,0,0,147,0,0,0,0,0
2024 Presidential Election,BUTLER,ALL,President of the United States,Statewide,Green Party,GRN,JILL STEIN,337,0,0,227,0,0,110,0,0,0,0,0
2024 Presidential Election,CAMBRIA,ALL,President of the United States,Statewide,Democratic,DEM,KAMALA D HARRIS,"12,852",0,0,"5,331",0,0,"7,521",0,0,0,0,0
2024 Presidential Election,CAMBRIA,ALL,President of the United States,Statewide,Republican,REP,DONALD J TRUMP,"24,490",0,0,"17,151",0,0,"7,339",0,0,0,0,0
2024 Presidential Election,CAMBRIA,ALL,President of the United States,Statewide,Libertarian,LIB,CHASE OLIVER,191,0,0,129,0,0,62,0,0,0,0,0
2024 Presidential Election,CAMBRIA,ALL,President of the United States,Statewide,Green Party,GRN,JILL STEIN,138,0,0,90,0,0,48,0,0,0,0,0
2024 Presidential Election,CAMERON,ALL,President of the United States,Statewide,Democratic,DEM,KAMALA D HARRIS,745,0,0,530,0,0,215,0,0,0,0,0
2024 Presidential Election,CAMERON,ALL,President of the United States,Statewide,Republican,REP,DONALD J TRUMP,"2,467",0,0,"2,129",0,0,338,0,0,0,0,0
2024 Presidential Election,CAMERON,ALL,President of the United States,Statewide,Libertarian,LIB,CHASE OLIVER,24,0,0,20,0,0,4,0,0,0,0,0
2024 Presidential Election,CAMERON,ALL,President of the United States,Statewide,Green Party,GRN,JILL STEIN,16,0,0,13,0,0,3,0,0,0,0,0
2024 Presidential Election,CARBON,ALL,President of the United States,Statewide,Democratic,DEM,KAMALA D HARRIS,"11,244",0,0,"7,270",0,0,"3,974",0,0,0,0,0
2024 Presidential Election,CARBON,ALL,President of the United States,Statewide,Republican,REP,DONALD J TRUMP,"23,505",0,0,"20,323",0,0,"3,182",0,0,0,0,0
2024 Presidential Election,CARBON,ALL,President of the United States,Statewide,Libertarian,LIB,CHASE OLIVER,170,0,0,136,0,0,34,0,0,0,0,0
2024 Presidential Election,CARBON,ALL,President of the United States,Statewide,Green Party,GRN,JILL STEIN,121,0,0,95,0,0,26,0,0,0,0,0
2024 Presidential Election,CENTRE,ALL,President of the United States,Statewide,Democratic,DEM,KAMALA D HARRIS,"40,321",0,0,"25,153",0,0,"15,168",0,0,0,0,0
2024 Presidential Election,CENTRE,ALL,President of the United States,Statewide,Republican,REP,DONALD J TRUMP,"38,545",0,0,"30,782",0,0,"7,763",0,0,0,0,0
2024 Presidential Election,CENTRE,ALL,President of the United States,Statewide,Libertarian,LIB,CHASE OLIVER,469,0,0,366,0,0,103,0,0,0,0,0
2024 Presidential Election,CENTRE,ALL,President of the United States,Statewide,Green Party,GRN,JILL STEIN,363,0,0,251,0,0,112,0,0,0,0,0
2024 Presidential Election,CHESTER,ALL,President of the United States,Statewide,Democratic,DEM,KAMALA D HARRIS,"181,075",0,0,"106,691",0,0,"74,384",0,0,0,0,0
2024 Presidential Election,CHESTER,ALL,President of the United States,Statewide,Republican,REP,DONALD J TRUMP,"136,088",0,0,"104,185",0,0,"31,903",0,0,0,0,0
2024 Presidential Election,CHESTER,ALL,President of the United States,Statewide,Libertarian,LIB,CHASE OLIVER,"1,757",0,0,"1,261",0,0,496,0,0,0,0,0
2024 Presidential Election,CHESTER,ALL,President of the United States,Statewide,Green Party,GRN,JILL STEIN,"1,573",0,0,"1,083",0,0,490,0,0,0,0,0
2024 Presidential Election,CLARION,ALL,President of the United States,Statewide,Democratic,DEM,KAMALA D HARRIS,"4,529",0,0,"2,942",0,0,"1,587",0,0,0,0,0
2024 Presidential Election,CLARION,ALL,President of the United States,Statewide,Republican,REP,DONALD J TRUMP,"14,972",0,0,"12,681",0,0,"2,291",0,0,0,0,0
2024 Presidential Election,CLARION,ALL,President of the United States,Statewide,Libertarian,LIB,CHASE OLIVER,91,0,0,68,0,0,23,0,0,0,0,0
2024 Presidential Election,CLARION,ALL,President of the United States,Statewide,Green Party,GRN,JILL STEIN,44,0,0,35,0,0,9,0,0,0,0,0
2024 Presidential Election,CLEARFIELD,ALL,President of the United States,Statewide,Democratic,DEM,KAMALA D HARRIS,"9,565",0,0,"6,207",0,0,"3,358",0,0,0,0,0
2024 Presidential Election,CLEARFIELD,ALL,President of the United States,Statewide,Republican,REP,DONALD J TRUMP,"30,363",0,0,"26,219",0,0,"4,144",0,0,0,0,0
2024 Presidential Election,CLEARFIELD,ALL,President of the United States,Statewide,Libertarian,LIB,CHASE OLIVER,182,0,0,137,0,0,45,0,0,0,0,0
2024 Presidential Election,CLEARFIELD,ALL,President of the United States,Statewide,Green Party,GRN,JILL STEIN,119,0,0,84,0,0,35,0,0,0,0,0
2024 Presidential Election,CLINTON,ALL,President of the United States,Statewide,Democratic,DEM,KAMALA D HARRIS,"5,366",0,0,"3,464",0,0,"1,902",0,0,0,0,0
2024 Presidential Election,CLINTON,ALL,President of the United States,Statewide,Republican,REP,DONALD J TRUMP,"12,908",0,0,"10,684",0,0,"2,224",0,0,0,0,0
2024 Presidential Election,CLINTON,ALL,President of the United States,Statewide,Libertarian,LIB,CHASE OLIVER,100,0,0,81,0,0,19,0,0,0,0,0
2024 Presidential Election,CLINTON,ALL,President of the United States,Statewide,Green Party,GRN,JILL STEIN,62,0,0,44,0,0,18,0,0,0,0,0
2024 Presidential Election,COLUMBIA,ALL,President of the United States,Statewide,Democratic,DEM,KAMALA D HARRIS,"10,783",0,0,"7,292",0,0,"3,491",0,0,0,0,0
2024 Presidential Election,COLUMBIA,ALL,President of the United States,Statewide,Republican,REP,DONALD J TRUMP,"20,800",0,0,"18,134",0,0,"2,666",0,0,0,0,0
2024 Presidential Election,COLUMBIA,ALL,President of the United States,Statewide,Libertarian,LIB,CHASE OLIVER,192,0,0,163,0,0,29,0,0,0,0,0
2024 Presidential Election,COLUMBIA,ALL,President of the United States,Statewide,Green Party,GRN,JILL STEIN,110,0,0,80,0,0,30,0,0,0,0,0
2024 Presidential Election,CRAWFORD,ALL,President of the United States,Statewide,Democratic,DEM,KAMALA D HARRIS,"12,645",0,0,"7,891",0,0,"4,754",0,0,0,0,0
2024 Presidential Election,CRAWFORD,ALL,President of the United States,Statewide,Republican,REP,DONALD J TRUMP,"29,462",0,0,"24,557",0,0,"4,905",0,0,0,0,0
2024 Presidential Election,CRAWFORD,ALL,President of the United States,Statewide,Libertarian,LIB,CHASE OLIVER,212,0,0,175,0,0,37,0,0,0,0,0
2024 Presidential Election,CRAWFORD,ALL,President of the United States,Statewide,Green Party,GRN,JILL STEIN,114,0,0,88,0,0,26,0,0,0,0,0
2024 Presidential Election,CUMBERLAND,ALL,President of the United States,Statewide,Democratic,DEM,KAMALA D HARRIS,"65,506",0,0,"40,735",0,0,"24,771",0,0,0,0,0
2024 Presidential Election,CUMBERLAND,ALL,President of the United States,Statewide,Republican,REP,DONALD J TRUMP,"79,784",0,0,"62,582",0,0,"17,202",0,0,0,0,0
2024 Presidential Election,CUMBERLAND,ALL,President of the United States,Statewide,Libertarian,LIB,CHASE OLIVER,918,0,0,700,0,0,218,0,0,0,0,0
2024 Presidential Election,CUMBERLAND,ALL,President of the United States,Statewide,Green Party,GRN,JILL STEIN,934,0,0,696,0,0,238,0,0,0,0,0
2024 Presidential Election,DAUPHIN,ALL,President of the United States,Statewide,Democratic,DEM,KAMALA D HARRIS,"76,899",0,0,"50,411",0,0,"26,488",0,0,0,0,0
2024 Presidential Election,DAUPHIN,ALL,President of the United States,Statewide,Republican,REP,DONALD J TRUMP,"68,706",0,0,"55,909",0,0,"12,797",0,0,0,0,0
2024 Presidential Election,DAUPHIN,ALL,President of the United States,Statewide,Libertarian,LIB,CHASE OLIVER,819,0,0,627,0,0,192,0,0,0,0,0
2024 Presidential Election,DAUPHIN,ALL,President of the United States,Statewide,Green Party,GRN,JILL STEIN,874,0,0,623,0,0,251,0,0,0,0,0
2024 Presidential Election,DELAWARE,ALL,President of the United States,Statewide,Democratic,DEM,KAMALA D HARRIS,"197,404",0,0,"133,435",0,0,"63,969",0,0,0,0,0
2024 Presidential Election,DELAWARE,ALL,President of the United States,Statewide,Republican,REP,DONALD J TRUMP,"122,026",0,0,"100,303",0,0,"21,723",0,0,0,0,0
2024 Presidential Election,DELAWARE,ALL,President of the United States,Statewide,Libertarian,LIB,CHASE OLIVER,"1,278",0,0,986,0,0,292,0,0,0,0,0
2024 Presidential Election,DELAWARE,ALL,President of the United States,Statewide,Green Party,GRN,JILL STEIN,"2,071",0,0,"1,576",0,0,495,0,0,0,0,0
2024 Presidential Election,ELK,ALL,President of the United States,Statewide,Democratic,DEM,KAMALA D HARRIS,"4,464",0,0,"2,887",0,0,"1,577",0,0,0,0,0
2024 Presidential Election,ELK,ALL,President of the United States,Statewide,Republican,REP,DONALD J TRUMP,"12,506",0,0,"10,724",0,0,"1,782",0,0,0,0,0
2024 Presidential Election,ELK,ALL,President of the United States,Statewide,Libertarian,LIB,CHASE OLIVER,75,0,0,60,0,0,15,0,0,0,0,0
2024 Presidential Election,ELK,ALL,President of the United States,Statewide,Green Party,GRN,JILL STEIN,52,0,0,39,0,0,13,0,0,0,0,0
2024 Presidential Election,ERIE,ALL,President of the United States,Statewide,Democratic,DEM,KAMALA D HARRIS,"65,464",0,0,"41,594",0,0,"23,870",0,0,0,0,0
2024 Presidential Election,ERIE,ALL,President of the United States,Statewide,Republican,REP,DONALD J TRUMP,"67,399",0,0,"56,476",0,0,"10,923",0,0,0,0,0
2024 Presidential Election,ERIE,ALL,President of the United States,Statewide,Libertarian,LIB,CHASE OLIVER,669,0,0,517,0,0,152,0,0,0,0,0
2024 Presidential Election,ERIE,ALL,President of the United States,Statewide,Green Party,GRN,JILL STEIN,570,0,0,421,0,0,149,0,0,0,0,0
2024 Presidential Election,FAYETTE,ALL,President of the United States,Statewide,Democratic,DEM,KAMALA D HARRIS,"19,238",0,0,"11,500",0,0,"7,738",0,0,0,0,0
2024 Presidential Election,FAYETTE,ALL,President of the United States,Statewide,Republican,REP,DONALD J TRUMP,"43,076",0,0,"37,020",0,0,"6,056",0,0,0,0,0
2024 Presidential Election,FAYETTE,ALL,President of the United States,Statewide,Libertarian,LIB,CHASE OLIVER,167,0,0,127,0,0,40,0,0,0,0,0
2024 Presidential Election,FAYETTE,ALL,President of the United States,Statewide,Green Party,GRN,JILL STEIN,120,0,0,84,0,0,36,0,0,0,0,0
2024 Presidential Election,FOREST,ALL,President of the United States,Statewide,Democratic,DEM,KAMALA D HARRIS,719,0,0,437,0,0,282,0,0,0,0,0
2024 Presidential Election,FOREST,ALL,President of the United States,Statewide,Republican,REP,DONALD J TRUMP,"1,897",0,0,"1,583",0,0,314,0,0,0,0,0
2024 Presidential Election,FOREST,ALL,President of the United States,Statewide,Libertarian,LIB,CHASE OLIVER,9,0,0,8,0,0,1,0,0,0,0,0
2024 Presidential Election,FOREST,ALL,President of the United States,Statewide,Green Party,GRN,JILL STEIN,15,0,0,11,0,0,4,0,0,0,0,0
2024 Presidential Election,FRANKLIN,ALL,President of the United States,Statewide,Democratic,DEM,KAMALA D HARRIS,"23,262",0,0,"14,298",0,0,"8,964",0,0,0,0,0
2024 Presidential Election,FRANKLIN,ALL,President of the United States,Statewide,Republican,REP,DONALD J TRUMP,"59,339",0,0,"48,120",0,0,"11,219",0,0,0,0,0
2024 Presidential Election,FRANKLIN,ALL,President of the United States,Statewide,Libertarian,LIB,CHASE OLIVER,451,0,0,356,0,0,95,0,0,0,0,0
2024 Presidential Election,FRANKLIN,ALL,President of the United States,Statewide,Green Party,GRN,JILL STEIN,274,0,0,190,0,0,84,0,0,0,0,0
2024 Presidential Election,FULTON,ALL,President of the United States,Statewide,Democratic,DEM,KAMALA D HARRIS,"1,082",0,0,715,0,0,367,0,0,0,0,0
2024 Presidential Election,FULTON,ALL,President of the United States,Statewide,Republican,REP,DONALD J TRUMP,"6,984",0,0,"6,059",0,0,925,0,0,0,0,0
2024 Presidential Election,FULTON,ALL,President of the United States,Statewide,Libertarian,LIB,CHASE OLIVER,22,0,0,16,0,0,6,0,0,0,0,0
2024 Presidential Election,FULTON,ALL,President of the United States,Statewide,Green Party,GRN,JILL STEIN,12,0,0,11,0,0,1,0,0,0,0,0
2024 Presidential Election,GREENE,ALL,President of the United States,Statewide,Democratic,DEM,KAMALA D HARRIS,"4,554",0,0,"2,802",0,0,"1,752",0,0,0,0,0
2024 Presidential Election,GREENE,ALL,President of the United States,Statewide,Republican,REP,DONALD J TRUMP,"12,258",0,0,"10,649",0,0,"1,609",0,0,0,0,0
2024 Presidential Election,GREENE,ALL,President of the United States,Statewide,Libertarian,LIB,CHASE OLIVER,89,0,0,75,0,0,14,0,0,0,0,0
2024 Presidential Election,GREENE,ALL,President of the United States,Statewide,Green Party,GRN,JILL STEIN,235,0,0,219,0,0,16,0,0,0,0,0
2024 Presidential Election,HUNTINGDON,ALL,President of the United States,Statewide,Democratic,DEM,KAMALA D HARRIS,"5,332",0,0,"3,592",0,0,"1,740",0,0,0,0,0
2024 Presidential Election,HUNTINGDON,ALL,President of the United States,Statewide,Republican,REP,DONALD J TRUMP,"17,561",0,0,"15,373",0,0,"2,188",0,0,0,0,0
2024 Presidential Election,HUNTINGDON,ALL,President of the United States,Statewide,Libertarian,LIB,CHASE OLIVER,107,0,0,91,0,0,16,0,0,0,0,0
2024 Presidential Election,HUNTINGDON,ALL,President of the United States,Statewide,Green Party,GRN,JILL STEIN,53,0,0,38,0,0,15,0,0,0,0,0
2024 Presidential Election,INDIANA,ALL,President of the United States,Statewide,Democratic,DEM,KAMALA D HARRIS,"12,610",0,0,"7,846",0,0,"4,764",0,0,0,0,0
2024 Presidential Election,INDIANA,ALL,President of the United States,Statewide,Republican,REP,DONALD J TRUMP,"29,112",0,0,"24,660",0,0,"4,452",0,0,0,0,0
2024 Presidential Election,INDIANA,ALL,President of the United States,Statewide,Libertarian,LIB,CHASE OLIVER,192,0,0,147,0,0,45,0,0,0,0,0
2024 Presidential Election,INDIANA,ALL,President of the United States,Statewide,Green Party,GRN,JILL STEIN,122,0,0,78,0,0,44,0,0,0,0,0
2024 Presidential Election,JEFFERSON,ALL,President of the United States,Statewide,Democratic,DEM,KAMALA D HARRIS,"4,696",0,0,"2,998",0,0,"1,698",0,0,0,0,0
2024 Presidential Election,JEFFERSON,ALL,President of the United States,Statewide,Republican,REP,DONALD J TRUMP,"18,196",0,0,"15,386",0,0,"2,810",0,0,0,0,0
2024 Presidential Election,JEFFERSON,ALL,President of the United States,Statewide,Libertarian,LIB,CHASE OLIVER,130,0,0,107,0,0,23,0,0,0,0,0
2024 Presidential Election,JEFFERSON,ALL,President of the United States,Statewide,Green Party,GRN,JILL STEIN,56,0,0,45,0,0,11,0,0,0,0,0
2024 Presidential Election,JUNIATA,ALL,President of the United States,Statewide,Democratic,DEM,KAMALA D HARRIS,"2,285",0,0,"1,489",0,0,796,0,0,0,0,0
2024 Presidential Election,JUNIATA,ALL,President of the United States,Statewide,Republican,REP,DONALD J TRUMP,"9,688",0,0,"8,308",0,0,"1,380",0,0,0,0,0
2024 Presidential Election,JUNIATA,ALL,President of the United States,Statewide,Libertarian,LIB,CHASE OLIVER,64,0,0,52,0,0,12,0,0,0,0,0
2024 Presidential Election,JUNIATA,ALL,President of the United States,Statewide,Green Party,GRN,JILL STEIN,29,0,0,23,0,0,6,0,0,0,0,0
2024 Presidential Election,LACKAWANNA,ALL,President of the United States,Statewide,Democratic,DEM,KAMALA D HARRIS,"58,956",0,0,"38,408",0,0,"20,548",0,0,0,0,0
2024 Presidential Election,LACKAWANNA,ALL,President of the United States,Statewide,Republican,REP,DONALD J TRUMP,"55,744",0,0,"45,789",0,0,"9,955",0,0,0,0,0
2024 Presidential Election,LACKAWANNA,ALL,President of the United States,Statewide,Libertarian,LIB,CHASE OLIVER,420,0,0,316,0,0,104,0,0,0,0,0
2024 Presidential Election,LACKAWANNA,ALL,President of the United States,Statewide,Green Party,GRN,JILL STEIN,388,0,0,260,0,0,128,0,0,0,0,0
2024 Presidential Election,LANCASTER,ALL,President of the United States,Statewide,Democratic,DEM,KAMALA D HARRIS,"117,526",0,0,"79,349",0,0,"38,177",0,0,0,0,0
2024 Presidential Election,LANCASTER,ALL,President of the United States,Statewide,Republican,REP,DONALD J TRUMP,"164,386",0,0,"140,190",0,0,"24,196",0,0,0,0,0
2024 Presidential Election,LANCASTER,ALL,President of the United States,Statewide,Libertarian,LIB,CHASE OLIVER,"1,705",0,0,"1,387",0,0,318,0,0,0,0,0
2024 Presidential Election,LANCASTER,ALL,President of the United States,Statewide,Green Party,GRN,JILL STEIN,"1,123",0,0,849,0,0,274,0,0,0,0,0
2024 Presidential Election,LAWRENCE,ALL,President of the United States,Statewide,Democratic,DEM,KAMALA D HARRIS,"15,281",0,0,"9,814",0,0,"5,467",0,0,0,0,0
2024 Presidential Election,LAWRENCE,ALL,President of the United States,Statewide,Republican,REP,DONALD J TRUMP,"31,164",0,0,"25,669",0,0,"5,495",0,0,0,0,0
2024 Presidential Election,LAWRENCE,ALL,President of the United States,Statewide,Libertarian,LIB,CHASE OLIVER,179,0,0,144,0,0,35,0,0,0,0,0
2024 Presidential Election,LAWRENCE,ALL,President of the United States,Statewide,Green Party,GRN,JILL STEIN,143,0,0,108,0,0,35,0,0,0,0,0
2024 Presidential Election,LEBANON,ALL,President of the United States,Statewide,Democratic,DEM,KAMALA D HARRIS,"24,265",0,0,"14,784",0,0,"9,481",0,0,0,0,0
2024 Presidential Election,LEBANON,ALL,President of the United States,Statewide,Republican,REP,DONALD J TRUMP,"47,775",0,0,"39,124",0,0,"8,651",0,0,0,0,0
2024 Presidential Election,LEBANON,ALL,President of the United States,Statewide,Libertarian,LIB,CHASE OLIVER,382,0,0,316,0,0,66,0,0,0,0,0
2024 Presidential Election,LEBANON,ALL,President of the United States,Statewide,Green Party,GRN,JILL STEIN,278,0,0,195,0,0,83,0,0,0,0,0
2024 Presidential Election,LEHIGH,ALL,President of the United States,Statewide,Democratic,DEM,KAMALA D HARRIS,"94,235",0,0,"57,280",0,0,"36,955",0,0,0,0,0
2024 Presidential Election,LEHIGH,ALL,President of the United States,Statewide,Republican,REP,DONALD J TRUMP,"89,704",0,0,"70,856",0,0,"18,848",0,0,0,0,0
2024 Presidential Election,LEHIGH,ALL,President of the United States,Statewide,Libertarian,LIB,CHASE OLIVER,837,0,0,619,0,0,218,0,0,0,0,0
2024 Presidential Election,LEHIGH,ALL,President of the United States,Statewide,Green Party,GRN,JILL STEIN,"1,398",0,0,953,0,0,445,0,0,0,0,0
2024 Presidential Election,LUZERNE,ALL,President of the United States,Statewide,Democratic,DEM,KAMALA D HARRIS,"59,966",0,0,"36,004",0,0,"23,962",0,0,0,0,0
2024 Presidential Election,LUZERNE,ALL,President of the United States,Statewide,Republican,REP,DONALD J TRUMP,"90,370",0,0,"75,152",0,0,"15,218",0,0,0,0,0
2024 Presidential Election,LUZERNE,ALL,President of the United States,Statewide,Libertarian,LIB,CHASE OLIVER,626,0,0,460,0,0,166,0,0,0,0,0
2024 Presidential Election,LUZERNE,ALL,President of the United States,Statewide,Green Party,GRN,JILL STEIN,531,0,0,384,0,0,147,0,0,0,0,0
2024 Presidential Election,LYCOMING,ALL,President of the United States,Statewide,Democratic,DEM,KAMALA D HARRIS,"17,012",0,0,"11,596",0,0,"5,416",0,0,0,0,0
2024 Presidential Election,LYCOMING,ALL,President of the United States,Statewide,Republican,REP,DONALD J TRUMP,"41,677",0,0,"34,885",0,0,"6,792",0,0,0,0,0
2024 Presidential Election,LYCOMING,ALL,President of the United States,Statewide,Libertarian,LIB,CHASE OLIVER,290,0,0,246,0,0,44,0,0,0,0,0
2024 Presidential Election,LYCOMING,ALL,President of the United States,Statewide,Green Party,GRN,JILL STEIN,207,0,0,148,0,0,59,0,0,0,0,0
2024 Presidential Election,McKEAN,ALL,President of the United States,Statewide,Democratic,DEM,KAMALA D HARRIS,"5,066",0,0,"3,421",0,0,"1,645",0,0,0,0,0
2024 Presidential Election,McKEAN,ALL,President of the United States,Statewide,Republican,REP,DONALD J TRUMP,"14,323",0,0,"12,317",0,0,"2,006",0,0,0,0,0
2024 Presidential Election,McKEAN,ALL,President of the United States,Statewide,Libertarian,LIB,CHASE OLIVER,108,0,0,94,0,0,14,0,0,0,0,0
2024 Presidential Election,McKEAN,ALL,President of the United States,Statewide,Green Party,GRN,JILL STEIN,57,0,0,48,0,0,9,0,0,0,0,0
2024 Presidential Election,MERCER,ALL,President of the United States,Statewide,Democratic,DEM,KAMALA D HARRIS,"19,341",0,0,"13,215",0,0,"6,126",0,0,0,0,0
2024 Presidential Election,MERCER,ALL,President of the United States,Statewide,Republican,REP,DONALD J TRUMP,"36,761",0,0,"30,716",0,0,"6,045",0,0,0,0,0
2024 Presidential Election,MERCER,ALL,President of the United States,Statewide,Libertarian,LIB,CHASE OLIVER,301,0,0,242,0,0,59,0,0,0,0,0
2024 Presidential Election,MERCER,ALL,President of the United States,Statewide,Green Party,GRN,JILL STEIN,184,0,0,152,0,0,32,0,0,0,0,0
2024 Presidential Election,MIFFLIN,ALL,President of the United States,Statewide,Democratic,DEM,KAMALA D HARRIS,"4,675",0,0,"2,716",0,0,"1,959",0,0,0,0,0
2024 Presidential Election,MIFFLIN,ALL,President of the United States,Statewide,Republican,REP,DONALD J TRUMP,"17,066",0,0,"14,255",0,0,"2,811",0,0,0,0,0
2024 Presidential Election,MIFFLIN,ALL,President of the United States,Statewide,Libertarian,LIB,CHASE OLIVER,95,0,0,66,0,0,29,0,0,0,0,0
2024 Presidential Election,MIFFLIN,ALL,President of the United States,Statewide,Green Party,GRN,JILL STEIN,57,0,0,43,0,0,14,0,0,0,0,0
2024 Presidential Election,MONROE,ALL,President of the United States,Statewide,Democratic,DEM,KAMALA D HARRIS,"41,258",0,0,"23,335",0,0,"17,923",0,0,0,0,0
2024 Presidential Election,MONROE,ALL,President of the United States,Statewide,Republican,REP,DONALD J TRUMP,"42,168",0,0,"31,751",0,0,"10,417",0,0,0,0,0
2024 Presidential Election,MONROE,ALL,President of the United States,Statewide,Libertarian,LIB,CHASE OLIVER,397,0,0,266,0,0,131,0,0,0,0,0
2024 Presidential Election,MONROE,ALL,President of the United States,Statewide,Green Party,GRN,JILL STEIN,427,0,0,289,0,0,138,0,0,0,0,0
2024 Presidential Election,MONTGOMERY,ALL,President of the United States,Statewide,Democratic,DEM,KAMALA D HARRIS,"309,521",0,0,"187,161",0,0,"122,360",0,0,0,0,0
2024 Presidential Election,MONTGOMERY,ALL,President of the United States,Statewide,Republican,REP,DONALD J TRUMP,"193,958",0,0,"152,291",0,0,"41,667",0,0,0,0,0
2024 Presidential Election,MONTGOMERY,ALL,President of the United States,Statewide,Libertarian,LIB,CHASE OLIVER,"2,467",0,0,"1,795",0,0,672,0,0,0,0,0
2024 Presidential Election,MONTGOMERY,ALL,President of the United States,Statewide,Green Party,GRN,JILL STEIN,"2,919",0,0,"2,022",0,0,897,0,0,0,0,0
2024 Presidential Election,MONTOUR,ALL,President of the United States,Statewide,Democratic,DEM,KAMALA D HARRIS,"3,816",0,0,"2,351",0,0,"1,465",0,0,0,0,0
2024 Presidential Election,MONTOUR,ALL,President of the United States,Statewide,Republican,REP,DONALD J TRUMP,"5,914",0,0,"4,790",0,0,"1,124",0,0,0,0,0
2024 Presidential Election,MONTOUR,ALL,President of the United States,Statewide,Libertarian,LIB,CHASE OLIVER,58,0,0,45,0,0,13,0,0,0,0,0
2024 Presidential Election,MONTOUR,ALL,President of the United States,Statewide,Green Party,GRN,JILL STEIN,44,0,0,35,0,0,9,0,0,0,0,0
2024 Presidential Election,NORTHAMPTON,ALL,President of the United States,Statewide,Democratic,DEM,KAMALA D HARRIS,"84,291",0,0,"47,531",0,0,"36,760",0,0,0,0,0
2024 Presidential Election,NORTHAMPTON,ALL,President of the United States,Statewide,Republican,REP,DONALD J TRUMP,"88,171",0,0,"66,942",0,0,"21,229",0,0,0,0,0
2024 Presidential Election,NORTHAMPTON,ALL,President of the United States,Statewide,Libertarian,LIB,CHASE OLIVER,800,0,0,562,0,0,238,0,0,0,0,0
2024 Presidential Election,NORTHAMPTON,ALL,President of the United States,Statewide,Green Party,GRN,JILL STEIN,890,0,0,594,0,0,296,0,0,0,0,0
2024 Presidential Election,NORTHUMBERLAND,ALL,President of the United States,Statewide,Democratic,DEM,KAMALA D HARRIS,"12,716",0,0,"8,680",0,0,"4,036",0,0,0,0,0
2024 Presidential Election,NORTHUMBERLAND,ALL,President of the United States,Statewide,Republican,REP,DONALD J TRUMP,"29,984",0,0,"25,474",0,0,"4,510",0,0,0,0,0
2024 Presidential Election,NORTHUMBERLAND,ALL,President of the United States,Statewide,Libertarian,LIB,CHASE OLIVER,254,0,0,202,0,0,52,0,0,0,0,0
2024 Presidential Election,NORTHUMBERLAND,ALL,President of the United States,Statewide,Green Party,GRN,JILL STEIN,161,0,0,123,0,0,38,0,0,0,0,0
2024 Presidential Election,PERRY,ALL,President of the United States,Statewide,Democratic,DEM,KAMALA D HARRIS,"6,324",0,0,"4,064",0,0,"2,260",0,0,0,0,0
2024 Presidential Election,PERRY,ALL,President of the United States,Statewide,Republican,REP,DONALD J TRUMP,"18,972",0,0,"16,146",0,0,"2,826",0,0,0,0,0
2024 Presidential Election,PERRY,ALL,President of the United States,Statewide,Libertarian,LIB,CHASE OLIVER,164,0,0,144,0,0,20,0,0,0,0,0
2024 Presidential Election,PERRY,ALL,President of the United States,Statewide,Green Party,GRN,JILL STEIN,103,0,0,83,0,0,20,0,0,0,0,0
2024 Presidential Election,PHILADELPHIA,ALL,President of the United States,Statewide,Democratic,DEM,KAMALA D HARRIS,"552,542",0,0,"387,114",0,0,"165,428",0,0,0,0,0
2024 Presidential Election,PHILADELPHIA,ALL,President of the United States,Statewide,Republican,REP,DONALD J TRUMP,"141,407",0,0,"118,159",0,0,"23,248",0,0,0,0,0
2024 Presidential Election,PHILADELPHIA,ALL,President of the United States,Statewide,Libertarian,LIB,CHASE OLIVER,"2,279",0,0,"1,765",0,0,514,0,0,0,0,0
2024 Presidential Election,PHILADELPHIA,ALL,President of the United States,Statewide,Green Party,GRN,JILL STEIN,"6,042",0,0,"4,470",0,0,"1,572",0,0,0,0,0
2024 Presidential Election,PIKE,ALL,President of the United States,Statewide,Democratic,DEM,KAMALA D HARRIS,"12,993",0,0,"5,881",0,0,"7,112",0,0,0,0,0
2024 Presidential Election,PIKE,ALL,President of the United States,Statewide,Republican,REP,DONALD J TRUMP,"21,298",0,0,"13,594",0,0,"7,704",0,0,0,0,0
2024 Presidential Election,PIKE,ALL,President of the United States,Statewide,Libertarian,LIB,CHASE OLIVER,137,0,0,87,0,0,50,0,0,0,0,0
2024 Presidential Election,PIKE,ALL,President of the United States,Statewide,Green Party,GRN,JILL STEIN,142,0,0,77,0,0,65,0,0,0,0,0
2024 Presidential Election,POTTER,ALL,President of the United States,Statewide,Democratic,DEM,KAMALA D HARRIS,"1,664",0,0,"1,054",0,0,610,0,0,0,0,0
2024 Presidential Election,POTTER,ALL,President of the United States,Statewide,Republican,REP,DONALD J TRUMP,"7,303",0,0,"6,123",0,0,"1,180",0,0,0,0,0
2024 Presidential Election,POTTER,ALL,President of the United States,Statewide,Libertarian,LIB,CHASE OLIVER,56,0,0,52,0,0,4,0,0,0,0,0
2024 Presidential Election,POTTER,ALL,President of the United States,Statewide,Green Party,GRN,JILL STEIN,19,0,0,15,0,0,4,0,0,0,0,0
2024 Presidential Election,SCHUYLKILL,ALL,President of the United States,Statewide,Democratic,DEM,KAMALA D HARRIS,"20,729",0,0,"13,668",0,0,"7,061",0,0,0,0,0
2024 Presidential Election,SCHUYLKILL,ALL,President of the United States,Statewide,Republican,REP,DONALD J TRUMP,"51,416",0,0,"43,927",0,0,"7,489",0,0,0,0,0
2024 Presidential Election,SCHUYLKILL,ALL,President of the United States,Statewide,Libertarian,LIB,CHASE OLIVER,369,0,0,296,0,0,73,0,0,0,0,0
2024 Presidential Election,SCHUYLKILL,ALL,President of the United States,Statewide,Green Party,GRN,JILL STEIN,268,0,0,200,0,0,68,0,0,0,0,0
2024 Presidential Election,SNYDER,ALL,President of the United States,Statewide,Democratic,DEM,KAMALA D HARRIS,"5,184",0,0,"3,255",0,0,"1,929",0,0,0,0,0
2024 Presidential Election,SNYDER,ALL,President of the United States,Statewide,Republican,REP,DONALD J TRUMP,"14,592",0,0,"12,145",0,0,"2,447",0,0,0,0,0
2024 Presidential Election,SNYDER,ALL,President of the United States,Statewide,Libertarian,LIB,CHASE OLIVER,90,0,0,69,0,0,21,0,0,0,0,0
2024 Presidential Election,SNYDER,ALL,President of the United States,Statewide,Green Party,GRN,JILL STEIN,45,0,0,32,0,0,13,0,0,0,0,0
2024 Presidential Election,SOMERSET,ALL,President of the United States,Statewide,Democratic,DEM,KAMALA D HARRIS,"8,559",0,0,"5,543",0,0,"3,016",0,0,0,0,0
2024 Presidential Election,SOMERSET,ALL,President of the United States,Statewide,Republican,REP,DONALD J TRUMP,"31,884",0,0,"27,536",0,0,"4,348",0,0,0,0,0
2024 Presidential Election,SOMERSET,ALL,President of the United States,Statewide,Libertarian,LIB,CHASE OLIVER,186,0,0,152,0,0,34,0,0,0,0,0
2024 Presidential Election,SOMERSET,ALL,President of the United States,Statewide,Green Party,GRN,JILL STEIN,103,0,0,89,0,0,14,0,0,0,0,0
2024 Presidential Election,SULLIVAN,ALL,President of the United States,Statewide,Democratic,DEM,KAMALA D HARRIS,956,0,0,645,0,0,311,0,0,0,0,0
2024 Presidential Election,SULLIVAN,ALL,President of the United States,Statewide,Republican,REP,DONALD J TRUMP,"2,697",0,0,"2,279",0,0,418,0,0,0,0,0
2024 Presidential Election,SULLIVAN,ALL,President of the United States,Statewide,Libertarian,LIB,CHASE OLIVER,12,0,0,9,0,0,3,0,0,0,0,0
2024 Presidential Election,SULLIVAN,ALL,President of the United States,Statewide,Green Party,GRN,JILL STEIN,12,0,0,10,0,0,2,0,0,0,0,0
2024 Presidential Election,SUSQUEHANNA,ALL,President of the United States,Statewide,Democratic,DEM,KAMALA D HARRIS,"5,998",0,0,"3,711",0,0,"2,287",0,0,0,0,0
2024 Presidential Election,SUSQUEHANNA,ALL,President of the United States,Statewide,Republican,REP,DONALD J TRUMP,"15,949",0,0,"13,067",0,0,"2,882",0,0,0,0,0
2024 Presidential Election,SUSQUEHANNA,ALL,President of the United States,Statewide,Libertarian,LIB,CHASE OLIVER,130,0,0,108,0,0,22,0,0,0,0,0
2024 Presidential Election,SUSQUEHANNA,ALL,President of the United States,Statewide,Green Party,GRN,JILL STEIN,66,0,0,45,0,0,21,0,0,0,0,0
2024 Presidential Election,TIOGA,ALL,President of the United States,Statewide,Democratic,DEM,KAMALA D HARRIS,"5,080",0,0,"3,323",0,0,"1,757",0,0,0,0,0
2024 Presidential Election,TIOGA,ALL,President of the United States,Statewide,Republican,REP,DONALD J TRUMP,"16,222",0,0,"13,718",0,0,"2,504",0,0,0,0,0
2024 Presidential Election,TIOGA,ALL,President of the United States,Statewide,Libertarian,LIB,CHASE OLIVER,144,0,0,125,0,0,19,0,0,0,0,0
2024 Presidential Election,TIOGA,ALL,President of the United States,Statewide,Green Party,GRN,JILL STEIN,70,0,0,47,0,0,23,0,0,0,0,0
2024 Presidential Election,UNION,ALL,President of the United States,Statewide,Democratic,DEM,KAMALA D HARRIS,"7,563",0,0,"4,993",0,0,"2,570",0,0,0,0,0
2024 Presidential Election,UNION,ALL,President of the United States,Statewide,Republican,REP,DONALD J TRUMP,"12,671",0,0,"10,298",0,0,"2,373",0,0,0,0,0
2024 Presidential Election,UNION,ALL,President of the United States,Statewide,Libertarian,LIB,CHASE OLIVER,98,0,0,86,0,0,12,0,0,0,0,0
2024 Presidential Election,UNION,ALL,President of the United States,Statewide,Green Party,GRN,JILL STEIN,100,0,0,75,0,0,25,0,0,0,0,0
2024 Presidential Election,VENANGO,ALL,President of the United States,Statewide,Democratic,DEM,KAMALA D HARRIS,"7,531",0,0,"4,719",0,0,"2,812",0,0,0,0,0
2024 Presidential Election,VENANGO,ALL,President of the United States,Statewide,Republican,REP,DONALD J TRUMP,"18,747",0,0,"15,908",0,0,"2,839",0,0,0,0,0
2024 Presidential Election,VENANGO,ALL,President of the United States,Statewide,Libertarian,LIB,CHASE OLIVER,137,0,0,107,0,0,30,0,0,0,0,0
2024 Presidential Election,VENANGO,ALL,President of the United States,Statewide,Green Party,GRN,JILL STEIN,86,0,0,65,0,0,21,0,0,0,0,0
2024 Presidential Election,WARREN,ALL,President of the United States,Statewide,Democratic,DEM,KAMALA D HARRIS,"6,164",0,0,"3,983",0,0,"2,181",0,0,0,0,0
2024 Presidential Election,WARREN,ALL,President of the United States,Statewide,Republican,REP,DONALD J TRUMP,"14,273",0,0,"12,169",0,0,"2,104",0,0,0,0,0
2024 Presidential Election,WARREN,ALL,President of the United States,Statewide,Libertarian,LIB,CHASE OLIVER,113,0,0,89,0,0,24,0,0,0,0,0
2024 Presidential Election,WARREN,ALL,President of the United States,Statewide,Green Party,GRN,JILL STEIN,53,0,0,40,0,0,13,0,0,0,0,0
2024 Presidential Election,WASHINGTON,ALL,President of the United States,Statewide,Democratic,DEM,KAMALA D HARRIS,"44,389",0,0,"27,742",0,0,"16,647",0,0,0,0,0
2024 Presidential Election,WASHINGTON,ALL,President of the United States,Statewide,Republican,REP,DONALD J TRUMP,"75,391",0,0,"63,414",0,0,"11,977",0,0,0,0,0
2024 Presidential Election,WASHINGTON,ALL,President of the United States,Statewide,Libertarian,LIB,CHASE OLIVER,514,0,0,408,0,0,106,0,0,0,0,0
2024 Presidential Election,WASHINGTON,ALL,President of the United States,Statewide,Green Party,GRN,JILL STEIN,250,0,0,194,0,0,56,0,0,0,0,0
2024 Presidential Election,WAYNE,ALL,President of the United States,Statewide,Democratic,DEM,KAMALA D HARRIS,"9,100",0,0,"5,045",0,0,"4,055",0,0,0,0,0
2024 Presidential Election,WAYNE,ALL,President of the United States,Statewide,Republican,REP,DONALD J TRUMP,"19,911",0,0,"14,983",0,0,"4,928",0,0,0,0,0
2024 Presidential Election,WAYNE,ALL,President of the United States,Statewide,Libertarian,LIB,CHASE OLIVER,125,0,0,89,0,0,36,0,0,0,0,0
2024 Presidential Election,WAYNE,ALL,President of the United States,Statewide,Green Party,GRN,JILL STEIN,98,0,0,75,0,0,23,0,0,0,0,0
2024 Presidential Election,WESTMORELAND,ALL,President of the United States,Statewide,Democratic,DEM,KAMALA D HARRIS,"74,451",0,0,"44,718",0,0,"29,733",0,0,0,0,0
2024 Presidential Election,WESTMORELAND,ALL,President of the United States,Statewide,Republican,REP,DONALD J TRUMP,"134,268",0,0,"110,249",0,0,"24,019",0,0,0,0,0
2024 Presidential Election,WESTMORELAND,ALL,President of the United States,Statewide,Libertarian,LIB,CHASE OLIVER,966,0,0,730,0,0,236,0,0,0,0,0
2024 Presidential Election,WESTMORELAND,ALL,President of the United States,Statewide,Green Party,GRN,JILL STEIN,562,0,0,388,0,0,174,0,0,0,0,0
2024 Presidential Election,WYOMING,ALL,President of the United States,Statewide,Democratic,DEM,KAMALA D HARRIS,"4,656",0,0,"2,937",0,0,"1,719",0,0,0,0,0
2024 Presidential Election,WYOMING,ALL,President of the United States,Statewide,Republican,REP,DONALD J TRUMP,"10,183",0,0,"8,560",0,0,"1,623",0,0,0,0,0
2024 Presidential Election,WYOMING,ALL,President of the United States,Statewide,Libertarian,LIB,CHASE OLIVER,89,0,0,69,0,0,20,0,0,0,0,0
2024 Presidential Election,WYOMING,ALL,President of the United States,Statewide,Green Party,GRN,JILL STEIN,60,0,0,40,0,0,20,0,0,0,0,0
2024 Presidential Election,YORK,ALL,President of the United States,Statewide,Democratic,DEM,KAMALA D HARRIS,"89,681",0,0,"55,238",0,0,"34,443",0,0,0,0,0
2024 Presidential Election,YORK,ALL,President of the United States,Statewide,Republican,REP,DONALD J TRUMP,"152,793",0,0,"125,585",0,0,"27,208",0,0,0,0,0
2024 Presidential Election,YORK,ALL,President of the United States,Statewide,Libertarian,LIB,CHASE OLIVER,"1,403",0,0,"1,121",0,0,282,0,0,0,0,0
2024 Presidential Election,YORK,ALL,President of the United States,Statewide,Green Party,GRN,JILL STEIN,942,0,0,675,0,0,267,0,0,0,0,0
